name,hometown,sport
CJ Henderson,"Miami, Fla.",football
Kadarius Toney,"Mobile, Ala.",football
Lamical Perine,"Mobile, Ala.",football
Brad Stewart Jr.,"New Orleans, La.",football
Marco Wilson,"Fort Lauderdale, Fla.",football
David Reese,"Fort Pierce, Fla.",football
Kaiir Elam,Riviera Beach,football
Emory Jones,"LaGrange, Ga.",football
"Brenton Cox, Jr. ","Stockbridge, Ga.",football
Nay'Quan Wright,Miami Gardens,football
Lucas Krull,"Shawnee, Kan.",football
Jeremiah Moon,"Hoover, Ala.",football
Trevon Grimes,"Fort Lauderdale, Fla.",football
Luke Matthews,Gainesville,football
Keon  Zipperer,Lakeland,football
Josh Hammond,"Hallandale, Fla.",football
Mohamoud Diabate,"Auburn, Ala.",football
Kyle Trask,"Manvel, Texas",football
Van Jefferson,"Brentwood, Tenn.",football
C.J. McWilliams,"Miami, Fla.",football
Feleipe Franks,"Crawfordville, Fla.",football
Donovan Stiner,"Houston, Texas",football
Quincy Lenton,"Meridian, Miss.",football
Jacob Copeland,"Pensacola, Fla.",football
Freddie Swain,"Ocala, Fla.",football
Zachary Carter,"Tampa, Fla.",football
Nick Sproles,"Winter Park, Fla.",football
Jack Anders,"Germantown, Md.",football
Jacob Finn,"Jacksonville, Fla.",football
Evan McPherson,"Fort Payne, Ala.",football
Jack Ruskell,"Libertyville, Ill.",football
Malik Davis,"Tampa, Fla.",football
Trey Dean III,"Hampton, Ga.",football
Dionte Marks,Deland,football
Jaydon Hill,"Huntsville, Ala.",football
Iverson Clement,"Mount Holly, N.J.",football
Erik Askeland,"Indian Harbour Beach, Fla.",football
Chester Kimbrough,"New Orleans, La.",football
Michael Hart,"North Babylon, N.Y.",football
Dameon Pierce,"Bainbridge, Ga.",football
Joshua Tse,"Port Orange, Fla.",football
Ty'Ron Hopper,"Alpharetta, Ga.",football
Isaac Ricks,"Jacksonville, Fla.",football
Jeawon Taylor,"Montgomery, Ala.",football
Amari Burney,"St. Petersburg, Fla.",football
Shawn Davis,"Miami, Fla.",football
Brayton Hundley,Port Orange,football
Jesiah Pierre,Mount Dora,football
Daniel Cross,Orlando,football
David Reese II,"Farmington, Mich.",football
Lacedrick Brunson,"Miami, Fla.",football
Kyle Engel,Fort Lauderdale,football
William Sawyer,Gainesville,football
Robert Clay,"Pensacola, Fla.",football
Trey Thompson,"Jupiter, Fla.",football
Patrick Moorer,"Lutz, Fla.",football
Tyler Waxman,Pembroke Pines,football
Nick Oelrich,"Newberry, Fla.",football
Michael Weir,Fort Pierce,football
Marco Ortiz,"Richmond, Va.",football
James Houston IV,"Fort Lauderdale, Fla.",football
Jaylin Jackson,"Tampa, Fla.",football
Umstead Sanders,"Port St. Joe, Fla.",football
Nicolas Sutton,"Deltona, Fla.",football
Tommy Townsend,"Orlando, Fla.",football
Garrett Conner,Lakeland,football
Clifford Taylor IV,"Charlotte, N.C.",football
John Brady,Tallahassee,football
Will Thomas,"Dunnellon, Fla.",football
Justin Pelic,"Mount Pleasant, S.C.",football
Austin Perry,"Orlando, Fla.",football
Brett DioGuardi,"Windermere, Fla.",football
Jacob Tilghman,"Daytona Beach, Fla.",football
Tanner Rowell,"Melbourne, Fla.",football
Ventrell Miller,"Lakeland, Fla.",football
Quaylin Crum,"Orlando, Fla.",football
Chase Whitfield,Saint Cloud,football
Kyree Campbell,"Woodbridge, Va.",football
Jean Delance,"Mesquite, Texas",football
Tedarrell Slaton,"Fort Lauderdale, Fla.",football
Coleman Crozier,Plantation,football
Jonathan Greenard,"Hiram, Ga.",football
Da'Quan Thomas,West Palm Beach,football
Brett Heggie,"Mount Dora, Fla.",football
Griffin McDowell,"Leesburg, Ga.",football
Riley Simonds,"Buford, Ga.",football
Kingsley Eguakun,Jacksonville,football
Nick Buchanan,"Dunwoody, Ga.",football
Jaelin Humphries,"Lawrenceville, Ga.",football
Michael Tarquin,Ocala,football
Chris Howard,"Ponte Vedra Beach, Fla.",football
Stone Forsythe,"Winter Garden, Fla.",football
Will Harrod,"Clinton, Md.",football
T.J. Moore,"Charlotte, N.C.",football
Richard Gouraige,"Tampa, Fla.",football
Ethan White,Clearwater,football
Trent Whittemore,Gainesville,football
Dante Lang,"Boca Raton, Fla.",football
Ja'Markis Weston,Clewiston,football
Rick Wells,"Jacksonville, Fla.",football
Kyle Pitts,"Philadelphia, Pa.",football
Andres  Saldivar,"Miami, Fla.",football
Dennis Gross,"Orlando, Fla.",football
Kemore Gamble,"Miami, Fla.",football
Adam Shuler,Longwood,football
Tyrie Cleveland,"Houston, Texas",football
Andrew Chatfield Jr.,"Plantation, Fla.",football
Marlon Dunlap Jr.,"Charlotte, N.C.",football
Jabari Zuniga,"Marietta, Ga.",football
Elijah Conliffe,"Hampton, Va.",football
Moses Gordon III,"Orlando, Fla.",football
Travis Freeman,Lakewood Ranch,football
Khris Bogle,Fort Lauderdale,football
Luke Ancrum,"Sebring, Fla.",football
Lloyd Summerall III,Lakeland,football
Jacob Young,"Ponte Vedra, Fla.",baseball
Cal Greenfield,"Chicago, Ill.",baseball
Garrett Milchin,"Windermere, Fla.",baseball
Jud Fabian,"Ocala, Fla.",baseball
Brandon Sproat,"Pace, Fla.",baseball
Kendrick Calilao,"Kissimmee, Fla.",baseball
Brady Smith,"Niceville, Fla.",baseball
Tyler Nesbitt,"LaBelle, Fla.",baseball
Nathan Hickey,"Jacksonville, Fla.",baseball
Hunter Barco,"Jacksonville, Fla.",baseball
Andrew Roberts,"Altamonte Springs, Fla.",baseball
Christian Scott,"Parkland, Fla.",baseball
Jordan Butler,"Tampa, Fla.",baseball
Ryan Cabarcas,"Pembroke Pines, Fla.",baseball
David Luethje,"Vero Beach, Fla.",baseball
Brock Edge,"Lake City, Fla.",baseball
Nick Pogue,"Melbourne, Fla.",baseball
Nick Blasucci,"Fort Myers, Fla.",baseball
Cory Acton,"Fort Lauderdale, Fla.",baseball
Jack Leftwich,"Orlando, Fla.",baseball
Josh Rivera,"Avon Park, Fla.",baseball
Isaac Nunez,"Orlando, Fla.",baseball
Matt Powell,"Fort Myers, Fla.",baseball
Austin Brinling,"Bradenton, Fla.",baseball
Hunter Mink,"Palm Harbor, Fla.",baseball
Tucker Talbott,"Atlantic Beach, Fla.",baseball
Trey Van Der Weide,"Longwood, Fla.",baseball
Kris Armstrong,"Jupiter, Fla.",baseball
Nolan Crisp,"Locust Grove, Ga.",baseball
Justin Alintoff,"Jupiter, Fla.",baseball
Austin Langworthy,"Williston, Fla.",baseball
Nick Ficarrotta,"Palm Harbor, Fla.",baseball
Tommy Mace,"Tampa, Fla.",baseball
Kirby McMullen,"Ocala, Fla.",baseball
Ben Specht,"Fort Myers, Fla.",baseball
Kiara Smith,"District Heights, Md.",womens-basketball
Lavender Briggs,"Provo, Utah",womens-basketball
Danielle Rainey,"Washington, D.C.",womens-basketball
Emanuely de Oliveira,"Criciúma, Brazil",womens-basketball
Zada Williams,"Lake Wales, Fla.",womens-basketball
Kristina Moore,"Sydney, Australia",womens-basketball
Nina Rickards,"Queens, New York",womens-basketball
Brylee Bartram,"Tampa, Fla.",womens-basketball
Faith Dut,"Vancouver, British Columbia",womens-basketball
Ariel Johnson,"Tracy, Calif.",womens-basketball
Paige Robinson,"London, England",womens-basketball
Ques Glover,"Knoxville, Tenn.",mens-basketball
Tre Mann,"Gainesville, Fla.",mens-basketball
Andrew Nembhard,"Aurora, Ontario, Canada",mens-basketball
Alex Klatsky,"Colts Neck, N.J.",mens-basketball
Anthony Duruji,"Germantown, Md.",mens-basketball
Omar Payne,"Kissimmee, Fla.",mens-basketball
Noah Locke,"Baltimore, Md.",mens-basketball
Keyontae Johnson,"Norfolk, Va.",mens-basketball
Dontay Bassett,"Oakland, Calif.",mens-basketball
Tyree Appleby,"Jacksonville, Ark.",mens-basketball
Scottie Lewis,"Hazlet, N.J.",mens-basketball
Kerry Blackshear Jr.,"Orlando, Fla.",mens-basketball
Jason Jitoboh,"Abuja, Nigeria",mens-basketball
Christopher Sutherland,"Queens, N.Y.",mens-basketball
John Axelsen,"Tølløse, Denmark",mens-golf
Fred Biondi,"São Paulo, Brazil",mens-golf
Ricky Castillo,"Yorba Linda, Calif.",mens-golf
Quentin Debove,"Paris, France",mens-golf
John DuBois,"Windermere, Fla.",mens-golf
Blake Dyer,"St. Petersburg, Fla.",mens-golf
Robby Eisch,"Tampa, Fla.",mens-golf
Manny Girona,"Windermere, Fla.",mens-golf
Eugene  Hong,"Sanford, Fla.",mens-golf
Chris Nido,"Miami, Fla.",mens-golf
Christophe Stutts,"Maitland, Fla.",mens-golf
Aden Ye,"Dongguan, China",mens-golf
Addie Baggarly,"Jonesborough, Tenn.",womens-golf
Elin Esborn,"Göteborg, Sweden",womens-golf
Marina Escobar Domingo,"Almeria, Spain",womens-golf
Annabell Fuller,"Kingston upon Thames, England",womens-golf
Jenny Kim,"Orlando, Fla.",womens-golf
Clara Manzalini,"Milan, Itlay",womens-golf
Marta Perez,"Valencia, Spain",womens-golf
Carlotta  Ricolfi,"San Remo, Italy",womens-golf
Lauren Waidner,"Fleming Island, Fla.",womens-golf
Sierra Alexander,"Fort Lauderdale, Fla.",womens-gymnastics
Alyssa Baumann,"Dallas, Texas",womens-gymnastics
Maegan Chant,"Waterdown, Ontario",womens-gymnastics
Leah Clapper,"Ann Arbor, Mich",womens-gymnastics
Jazmyn Foberg,"Bayville, N.J.",womens-gymnastics
Rachel Gowey,"Urbandale, Iowa",womens-gymnastics
Amelia Hundley,"Hamilton, Ohio",womens-gymnastics
Sydney Johnson-Scharpf,"Clermont, Fla",womens-gymnastics
Nya Reed,"Landover, Md.",womens-gymnastics
Payton Richards,"Mokena, Ill.",womens-gymnastics
Savannah Schoenherr,"Columbus, Ga",womens-gymnastics
Megan Skaggs,"Marietta, Ga.",womens-gymnastics
Halley Taylor,"Tampa, Fla.",womens-gymnastics
Trinity Thomas,"York, Pa.",womens-gymnastics
Lexie Morton,"Milton, Ga.",womens-lacrosse
Madisyn Kittell,"Syracuse, N.Y.",womens-lacrosse
Maddie Ellis,"Vero Beach, Fla.",womens-lacrosse
Sarah Mackey,"Garden City, N.Y.",womens-lacrosse
Eddy Shoop,"Dewey Beach, Del.",womens-lacrosse
Annie  Wright ,"Darien, Conn.",womens-lacrosse
Carli Mangum,"Potomac, Md.",womens-lacrosse
Hannah Mardiney,"Lutherville, Md.",womens-lacrosse
Whitney Albert,"Annapolis, Md.",womens-lacrosse
Emily Heller,"Babylon, N.Y.",womens-lacrosse
Natalie Dizney,"Orlando, Fla.",womens-lacrosse
Kassidy  Bresnahan,"Edgewater, Md.",womens-lacrosse
Kaala Puglisi,"Annapolis, Md.",womens-lacrosse
Lexi Ashby,"Tampa, Fla.",womens-lacrosse
Grace  Haus,Baltimore. Md.,womens-lacrosse
Cara Trombetta,"Holbrook, N.Y.",womens-lacrosse
Shannon Kavanagh,"Smithtown, N.Y.",womens-lacrosse
Sarah Reznick,"Long Beach, N.Y.",womens-lacrosse
Emily  Petillo,"Manasquan, N.J.",womens-lacrosse
Brianna Harris,"Annapolis, Md.",womens-lacrosse
Lexi Bolton,"Gainesville, Va.",womens-lacrosse
Shelton Sawers,"Lutherville, Md.",womens-lacrosse
Becky Browndorf,"Dresher, Pa.",womens-lacrosse
Emerson Cabrera,"Northport, N.Y.",womens-lacrosse
Charlotte Harmon,"Darien, Conn.",womens-lacrosse
Jill Quigley,"Royersford, Pa.",womens-lacrosse
Emma Wightman,"Basking Ridge, N.J.",womens-lacrosse
Maeson Tydings,"Catonsville, Md.",womens-lacrosse
Devin Thompson,"Wyckoff, N.J.",womens-lacrosse
Janine Suris,"Kings Park, N.Y.",womens-lacrosse
Maggie Corbo,"Baltimore, Md.",womens-lacrosse
Kaitlyn Dabkowski,"Cockeysville, Md.",womens-lacrosse
Catherine Moriarty,"Westfield, N.J.",womens-lacrosse
Kylee Hubiak,"Reading, Pa.",womens-lacrosse
Tori Bates,"Severna Park, Md.",womens-lacrosse
Georgia Ceanfaglione,"Bel Air, Md.",womens-lacrosse
Annie Gillis,"Bernardsville, N.J.",womens-lacrosse
Maddie McMaster,"Seattle, Wash.",womens-lacrosse
Kenzii Kittell,"Syracuse, N.Y.",womens-lacrosse
Ashley Pietra,"Gainesville, Fla.",womens-soccer
Cassidy Lindley,"Carmel, Ind.",womens-soccer
Laney Steed,"Sharpsburg, Ga. ",womens-soccer
Alexia Fotopoulos,"Land O’Lakes, Fla. ",womens-soccer
Kit Loferski,"St. Augustine, Fla.",womens-soccer
Ava Kuyken,"Oxford, England",womens-soccer
Carina Baltrip-Reyes,"Round Rock, Texas",womens-soccer
Samantha Tobar,"Parkland, Fla.",womens-soccer
Tess Sapone,Oakton Va.,womens-soccer
Nicole Vernis,"North Palm Beach, Fla. ",womens-soccer
Sammie Betters,"Brooksville, Fla.",womens-soccer
Alyssa Howell,"Farmersville, Ohio",womens-soccer
Madison Alexander,"Dorr, Mich.",womens-soccer
Haillie Lower,"Tampa, Fla.",womens-soccer
Lauren Durbin,"Lone Tree, Colo.",womens-soccer
Julia Lester,"Tampa, Fla.",womens-soccer
Deanne Rose,"Alliston, Ontario",womens-soccer
Parker Roberts,"Leawood, Kansas",womens-soccer
Kouri Peace,"Chalfont, Pa. ",womens-soccer
Cameron Hall,"Buford, Ga. ",womens-soccer
Georgia Eaton-Collins,"Ipswich, Suffolk, England",womens-soccer
Vanessa Kara,"Burlington, N.J. ",womens-soccer
Madeline Gravante,"Staten Island, N.Y. ",womens-soccer
Syd Kennedy,"Fall River, Nova Scotia ",womens-soccer
Lauren Evans,"Lithia, Fla.",womens-soccer
Taylor Baksay,"Palm Harbor, Fla.",womens-soccer
Francesca Faraci,"Park Ridge, Ill. ",womens-soccer
Alivia Gonzalez,"Palm Harbor, Fla. ",womens-soccer
Susi Espinoza,"Wellington, Fla.",womens-soccer
Alex Stubblebine ,"Ocala, Fla.",womens-soccer
Hannah Adams,"Hoschton, Ga.",softball
Cheyenne Lindsey,"Chattanooga, Tenn.",softball
Charla Echols,"Newnan, Ga.",softball
Jade Caraway,"Winter Garden, Fla.",softball
Hannah Sipos,"Cooper City, Fla.",softball
Jaimie Hoover,"Suwanee, Ga.",softball
Natalie Lugo,"West Covina, Calif.",softball
Jordan Roberts,"Live Oak, Fla.",softball
Kinsey Goelz,"Myakka City, Fla.",softball
Elizabeth Hightower,"Monticello, Fla.",softball
Danni Farley,"Wellington, Fla.",softball
E.C. Taylor,"Marion, Ark.",softball
Julia Cottrill,"Wichita, Kan.",softball
Kendyl Lindaman,"Ankeny, Iowa",softball
Mia Buffano,"Palm Harbor, Fla.",softball
Rylee Trlicek,"Hallettsville, Texas",softball
Bryn Thomas,"Trenton, Fla.",softball
Baylee Goddard,"Orange Park, Fla.",softball
Sarah Longley,"Royal Palm Beach, Fla.",softball
Katie Chronister,"Gainesville, Fla.",softball
Sophia Reynoso,"Palmdale, Calif.",softball
Jordan Matthews,"Anaheim, Calif.",softball
Jake Adcock,"Neptune Beach, Fla.",mens-swimming-and-diving
Matthew Anderson,"The Woodlands, Texas",mens-swimming-and-diving
Khader Baqlah,"Amman, Jordan",mens-swimming-and-diving
Clark Beach,"Chesterfield, Va.",mens-swimming-and-diving
Ethan Beach,"Chesterfield, Va.",mens-swimming-and-diving
Chandler Bray,"Avon, Ind.",mens-swimming-and-diving
Dylan Brisco,"Wellington, Fla.",mens-swimming-and-diving
Miguel Cancel,"Miami, Fla.",mens-swimming-and-diving
Nicholas  Carlin,"Tampa, Fla.",mens-swimming-and-diving
Drew Clark,"Sarasota, Fla.",mens-swimming-and-diving
Isaac Davis,"Jacksonville, Fla.",mens-swimming-and-diving
Will Davis,"Jacksonville, Fla.",mens-swimming-and-diving
Jorge Depassier,"Weston, Fla.",mens-swimming-and-diving
Alex Farrow,"Naples, Fla.",mens-swimming-and-diving
Robert Finke,"Clearwater, Fla.",mens-swimming-and-diving
Nicholas Fox,"Arva, Colo.",mens-swimming-and-diving
Trey Freeman,"Salt Lake City, Utah",mens-swimming-and-diving
Eric Friese,"Potsdam, Germany",mens-swimming-and-diving
Brennan Gravley,"Las Vegas, Nev.",mens-swimming-and-diving
Marco Guarente,"Weston, Fla.",mens-swimming-and-diving
Nick Hackett,"Fleming Island, Fla.",mens-swimming-and-diving
Dillon Hillis,"Jacksonville, Fla.",mens-swimming-and-diving
Lucas Kravchenko,"Cape Canaveral, Fla.",mens-swimming-and-diving
Nick Lydon,"Clifton Park, N.Y.",mens-swimming-and-diving
Dakota Mahaffey,"Green Cove Springs, Fla.",mens-swimming-and-diving
Ethan McCloud,"Vero Beach, Fla.",mens-swimming-and-diving
Alfonso Mestre,"Pottstown, Pa.",mens-swimming-and-diving
Santiago Morales,"Atlanta, Ga.",mens-swimming-and-diving
Advait Page,"Indore, India",mens-swimming-and-diving
Gerry Quinn,"Longford, Ireland",mens-swimming-and-diving
Hector Rodriguez,"Winter Park, Fla.",mens-swimming-and-diving
Grant Sanders,"Clearwater, Fla.",mens-swimming-and-diving
Tyler Silver,"Cary, N.C.",mens-swimming-and-diving
Kieran Smith,"Ridgefield, Conn.",mens-swimming-and-diving
Marty Stange,"St. Augustine, Fla.",mens-swimming-and-diving
Jack Szaranek,"Glenrothes, Scotland",mens-swimming-and-diving
Michael Taylor,"Alpharetta, Ga.",mens-swimming-and-diving
Viktor Toth,"Ormond Beach, Fla.",mens-swimming-and-diving
Kevin Vargas,"Murrieta, Calif.",mens-swimming-and-diving
Tyler Watson,"Jacksonville, Fla.",mens-swimming-and-diving
Yekaterina Aslanidi,"Gainesville, Fla.",womens-swimming-and-diving
Taylor Ault,"La Habra, Calif.",womens-swimming-and-diving
Kirschtine Balbuena,"Gainesville, Fla.",womens-swimming-and-diving
Emma Ball,"Guelph, Ontario, Canada",womens-swimming-and-diving
Talia Bates,"Gainesville, Fla.",womens-swimming-and-diving
Tori Bindi,"Gulf Breeze, Fla.",womens-swimming-and-diving
Bettina Boszormenyi,"Budapest, Hungary",womens-swimming-and-diving
Leah Braswell,"Manchester, Pa.",womens-swimming-and-diving
Madison Conway,"Tampa, Fla.",womens-swimming-and-diving
Kelsey Dambacher,"Richmond, Va.",womens-swimming-and-diving
Georgia Darwent,"Newcastle, England",womens-swimming-and-diving
Adrianna DeBoer,"Cocoa Beach, Fla.",womens-swimming-and-diving
Sherridon Dressel,"Green Cove Springs, Fla.",womens-swimming-and-diving
Savanna Faulconer,"Greenville, S.C.",womens-swimming-and-diving
Kelly Fertel,"Miami, Fla.",womens-swimming-and-diving
Bella Garofalo,"St. Augustine, Fla.",womens-swimming-and-diving
Kathleen Golding,"Cooper City, Fla.",womens-swimming-and-diving
Celi Guzman,"Brandon, Fla.",womens-swimming-and-diving
Jillian Hatch,"Clovis, Calif.",womens-swimming-and-diving
Ellie Hatton,"Bridgnorth, England",womens-swimming-and-diving
Gabby Hillis,"Jacksonville, Fla.",womens-swimming-and-diving
Abigail Howell,"Clermont, Fla.",womens-swimming-and-diving
Brooke Madden,"Centerville, Ind.",womens-swimming-and-diving
Ria Malhotra,"St. Augustine, Fla.",womens-swimming-and-diving
Tylor Mathieu,"Hebron, Conn.",womens-swimming-and-diving
Ashley McCool,"Cochrane, Alberta, Canada/Arizona State",womens-swimming-and-diving
Nikki Miller,"Glasgow, Scotland",womens-swimming-and-diving
Chade Nersicio,"Lake Worth, Fla.",womens-swimming-and-diving
Kalie Novosedliak,"Carlsbad, Calif.",womens-swimming-and-diving
Vanessa Pearl,"McKinney, Texas",womens-swimming-and-diving
Elizabeth Perez,"Barquisimeto, Venezuela",womens-swimming-and-diving
Allie Piccirillo,"Crestview Hills, Ky.",womens-swimming-and-diving
Lauren Snider,"Montverde, Fla.",womens-swimming-and-diving
Liz Watts,"Fleming Island, Florida/Indian River",womens-swimming-and-diving
Emma Whitner,"Orlando, Fla.",womens-swimming-and-diving
Rosie Zavaros,"Burlington, Ontario, Canada",womens-swimming-and-diving
Ellie Zweifel,"Columbia, Mo.",womens-swimming-and-diving
Andy Andrade,"Bradenton, Fla.",mens-tennis
Brian Berdusco,"Bradenton, Fla.",mens-tennis
Blaise Bicknell,"Miami, Fla.",mens-tennis
Greysen Cacciatore,"Gainesville, Fla.",mens-tennis
Harrison Cacciatore,"Gainesville, Fla.",mens-tennis
Oliver Crawford,"Spartanburg, S.C.",mens-tennis
Josh Goodger,"Wallington, England",mens-tennis
Will Grant,"Orlando, Fla.",mens-tennis
Lukas Greif,"Newburgh, Ind.",mens-tennis
Johannes Ingildsen,"Copenhagen, Denmark",mens-tennis
Sam Riffice,"Orlando, Fla.",mens-tennis
Duarte Vale,"Cascais, Portugal",mens-tennis
Sydney Berlin,"Buffalo, N.Y.",womens-tennis
Tsveta Dimitrova,"Sofia, Bulgaria",womens-tennis
Victoria Emma,"Naples, FL",womens-tennis
Ida Jarlskog,"Lund, Sweden",womens-tennis
McCartney Kessler,"Calhoun, GA",womens-tennis
Layne  Sleeth,"Markham, Ontario",womens-tennis
Marlee Zein,"Sugar Land, Texas",womens-tennis
Jackie Addy,"Atlanta, Ga.",track-and-field
Kristine Akervold,"Fagernes, Fla.",track-and-field
Doneisha Anderson,"Nassau, Bahamas",track-and-field
Imogen Barrett,"Brisbane, Queensland, Australia",track-and-field
Autumn Bartlett,"Orlando, Fla.",track-and-field
Elisabeth Bergh,"Haugesund, Norway",track-and-field
Grace Blair,"Gainesville, Fla.",track-and-field
Alexis Brown,"Kennedale, Texas",track-and-field
Payton Capes-Davis,"Shoreham, N.Y.",track-and-field
Colleen Carney,"Glen Mills, Pa.",track-and-field
Emily Culley,"Tallahassee, Fla.",track-and-field
Shakira Dancy,"Sicklerville, N.J.",track-and-field
Arianne Duarte-Morais,"Oslo, Norway",track-and-field
Sophie Ebihara,"Raleigh, N.C.",track-and-field
Maria Fernandez,"Doral, Fla.",track-and-field
Gianna Forte,"Jacksonville, Fla.",track-and-field
Sydney Fowler,"Apopka, Fla.",track-and-field
Amanda Froeynes,"Tonsberg, Norway",track-and-field
Lauryn Ghee,"Chesapeake, Va.",track-and-field
Abbie Harrelson,"Niceville, Fla.",track-and-field
Natricia Hooper,"Georgetown, Guyana",track-and-field
Chloe Hyde,"Altamonte Springs, Fla.",track-and-field
Thea Jensen,"Glostrup, Denmark",track-and-field
Brandee' Johnson,"Suffolk, Va.",track-and-field
Semira Killebrew,"Indianapolis, Ind.",track-and-field
Taylor Manson,"East Lansing, Mich.",track-and-field
Caitlin McQuilkin-Bell,"Tamborine, Australia",track-and-field
Timetria Mitchell,"Miami, Fla.",track-and-field
Tymiah Montgomery,"Gainesville, Fla.",track-and-field
Kristina Moore,"Sydney, Australia",track-and-field
Madison Morse,"Ramstein, Germany",track-and-field
Pamela O'Brien,"Davidsonville, Md.",track-and-field
Jessica Pascoe,"Forbes, New South Wales, Australia",track-and-field
Kala Penn,"Tortola, British Virgin Islands",track-and-field
Sophia Piniella,"Tampa, Fla.",track-and-field
Grace Stark,"White Lake, Mich.",track-and-field
Nikki Stephens,"Seattle, Wash.",track-and-field
Amara Wiggan,"Orlando, Fla.",track-and-field
Gabrielle Wilkinson,"Wynnewood, Pa.",track-and-field
Connor Bandel,"Oxford, Mich.",track-and-field
Matt Bomkamp,"Colfax, N.C.",track-and-field
Hugh Brittenham,"Estero, Fla.",track-and-field
Clayton Brown,"St. Andrew, Jamaica",track-and-field
Jalen Chance,"Jacksonville, Fla.",track-and-field
Matt Clark,"St. Johns, Fla.",track-and-field
Tyler Davis,"Huntsville, Ala.",track-and-field
Nick Deal,"St. Johns, Fla.",track-and-field
Marshall Dillon,"Punta Gorda, Fla.",track-and-field
Raymond Ekevwo,"Ughelli, Nigeria",track-and-field
Joseph Fahnbulleh,"Hopkins, Minn.",track-and-field
Kunle Fasasi,"Ibadan, Oyo State, Nigeria",track-and-field
Deshay Fernandes,"Miami, Fla.",track-and-field
Trevor Foley,"Tampa, Fla.",track-and-field
Dawson Guillory,"Houston, Texas",track-and-field
Jack Guyton,"Tampa, Fla.",track-and-field
Michael Holloway II,"Gainesville, Fla.",track-and-field
Cole Johnson,"Orlando, Fla.",track-and-field
Blake Lowery,"Gainesville, Fla.",track-and-field
Carson Lyttle,"Boca Raton, Fla.",track-and-field
Cameron Mahorn,"Wellington, Fla.",track-and-field
Thomas Mardal,"Gloppen, Norway",track-and-field
Jacob Miley,"Palm Coast, Fla.",track-and-field
Cameron Miller,"Dallas, Texas",track-and-field
Jonathan Miller,"Bridgetown, Barbados",track-and-field
Jesse Millson,"Winter Park, Fla.",track-and-field
Caden Monk,"Gainesville, Fla.",track-and-field
Davis Ott,"Lakeland, Fla.",track-and-field
Justin Pacifico,"Palm Coast, Fla.",track-and-field
Magnus Pettersen,"Drammen, Norway",track-and-field
Cory Poole,"East Orange, N.J.",track-and-field
Chase Ruskin,"St. Johns, Fla.",track-and-field
Chantz Sawyers,"Greensboro, N.C.",track-and-field
Colin Schaefer,"Burke, Va.",track-and-field
Edward Shelikoff,"Niceville, Fla.",track-and-field
Osaji Skyers,"Miramar, Fla.",track-and-field
Jacob Stanko,"Manchester, N.H.",track-and-field
Jett Su,"Naples, Fla.",track-and-field
Denzel Villaman,"Richmond Hill, N.Y.",track-and-field
Dominic Williams,"Jacksonville, Fla.",track-and-field
Cavan Wilson,"Coral Gables, Fla.",track-and-field
Birdie Hendrickson,"Rogersville, Mo. ",volleyball
Darrielle King,"Desoto, Texas",volleyball
T'ara Ceasar,"Panama City, Fla.",volleyball
Paige Hammons,"Louisville, Ky.",volleyball
Mia Sokolowski,"Tucson, Ariz.",volleyball
Paula Cerame,"Boca Raton, Fla.",volleyball
Thayer Hall,"Spartanburg, S.C.",volleyball
Marlie Monserez,"Windermere, Fla.",volleyball
Elli McKissock,"Windermere, Fla.",volleyball
Riley Fischer,"Kennesaw, Ga.",volleyball
Haley Warner,"Fayetteville, Ark.",volleyball
Anaya Martin,"Tyrone, Ga.",volleyball
Holly Carlton,"Sterling, Va.",volleyball
Lauren Dooley,"Plano, Texas",volleyball
